"Area","Perimeter","Compactness","Length","Width","Asymmetry","Groove.Length","Variety"
"Area",1,0.994340931012226,0.608288415084218,0.949985417102252,0.970770603841396,-0.229572332829198,0.863692746169169,-0.346057867203317
"Perimeter",0.994340931012226,1,0.529243607401483,0.972422327608037,0.944829361080684,-0.217340371841488,0.890783901472498,-0.327899697782577
"Compactness",0.608288415084218,0.529243607401483,1,0.367915148187136,0.761634517961016,-0.331470874655577,0.226824821164092,-0.53100702389412
"Length",0.949985417102252,0.972422327608037,0.367915148187136,1,0.860414937714347,-0.171562426719766,0.932806085941987,-0.257268700648121
"Width",0.970770603841396,0.944829361080684,0.761634517961016,0.860414937714347,1,-0.258036547414761,0.749131468302604,-0.423462871672129
"Asymmetry",-0.229572332829198,-0.217340371841488,-0.331470874655577,-0.171562426719766,-0.258036547414761,1,-0.011079019716398,0.57727271104471
"Groove.Length",0.863692746169169,0.890783901472498,0.226824821164092,0.932806085941987,0.749131468302604,-0.011079019716398,1,0.0243010430672816
"Variety",-0.346057867203317,-0.327899697782577,-0.53100702389412,-0.257268700648121,-0.423462871672129,0.57727271104471,0.0243010430672816,1
